distances,q-errors
0.001581003307364881,1.1483938014507293
0.001581003307364881,7.929547683000565
